create database Escuela_de_manejo;

CREATE TABLE CATALOGO_DIRECCION(
ID_CATALOGO INT PRIMARY KEY,
NUM_CASA VARCHAR(50),
CALLE_AVENIDA VARCHAR(50),
CIUDAD VARCHAR(50),
COLONIA VARCHAR(50),
CODIGO_POSTAL INT,
DEPARTAMENTO VARCHAR(50),
MUNICIPIO VARCHAR(50),
ESTADO VARCHAR(50),
)
GO

CREATE TABLE PERSONAL(
ID_PERSONAL INT PRIMARY KEY,
DIRECCION VARCHAR(50),
NOMBRE_PERSONAL VARCHAR(50),
APELLIDO_PERSONAL VARCHAR (50),
FECHA_NACIMIENTO VARCHAR(50),
FECHA_CONTRATACION VARCHAR(50),
TELEFONO_PERSONAL INT,
EMAIL_PERSONAL VARCHAR(50),
FECHA_BAJA VARCHAR(50),
ESTADO VARCHAR(50),
PUESTO VARCHAR(50),
ID_CATALOGO INT
)
GO

CREATE TABLE CONTRATO(
ID_CONTRATO INT PRIMARY KEY,
SESION INT,
ID_PERSONAL INT,
ID_PLACA INT,
FECHA_INICIO VARCHAR(50),
FECHA_FIN VARCHAR(50),
COSTO INT,
ESTADO VARCHAR(50),
ID_CLIENTE INT
)
GO

CREATE TABLE VEHICULO(
ID_PLACA INT PRIMARY KEY,
MARCA VARCHAR(50),
MODELO VARCHAR(50),
A헲 VARCHAR(5),
FECHA_COMPRA VARCHAR(50)
)
GO

CREATE TABLE CLASE(
ID_CLASE INT PRIMARY KEY,
ID_CLIENTE INT,
ID_CONTRATO INT,
HORA_INICIO VARCHAR(50),
HORA_FIN VARCHAR(50),
FECHA VARCHAR(50)
)
GO

CREATE TABLE CLIENTE(
ID_CLIENTE INT PRIMARY KEY,
NOMBRE_COMPLETO VARCHAR(50),
DIRECCION VARCHAR(50),
FECHA_NACIMIENTO VARCHAR(50),
TELEFONO INT,
EMAIL VARCHAR (50),
ESTADO VARCHAR(50)
)
GO 

CREATE TABLE REGISTRAR_PAGO(
ID_PAGO INT PRIMARY KEY,
FECHA_PAGO VARCHAR(50),
TIPO_PAGO VARCHAR(50),
MONTO INT,
ID_CLIENTE INT,
ID_CONTRATO INT
)
GO


ALTER TABLE PERSONAL ADD CONSTRAINT REGISTRO_DIRECCION FOREIGN KEY (ID_CATALOGO) REFERENCES CATALOGO_DIRECCION (ID_CATALOGO)
GO

ALTER TABLE CONTRATO ADD CONSTRAINT CONTRATO_PERSONAL FOREIGN KEY (ID_PERSONAL) REFERENCES  PERSONAL (ID_PERSONAL)
GO

ALTER TABLE CONTRATO ADD CONSTRAINT CONTRATO_VEHICULO FOREIGN KEY (ID_PLACA) REFERENCES VEHICULO (ID_PLACA)
GO

ALTER TABLE REGISTRAR_PAGO ADD CONSTRAINT PAGO_CONTRATO FOREIGN KEY (ID_CONTRATO) REFERENCES CONTRATO (ID_CONTRATO)
GO

ALTER TABLE REGISTRAR_PAGO ADD CONSTRAINT PAGO_CLIENTE FOREIGN KEY (ID_CLIENTE) REFERENCES CLIENTE (ID_CLIENTE)
GO

ALTER TABLE CLASE ADD CONSTRAINT CLASE_CONTRATO FOREIGN KEY (ID_CONTRATO) REFERENCES CONTRATO (ID_CONTRATO)
GO

ALTER TABLE CLASE ADD CONSTRAINT CLASE_CLIENTE FOREIGN KEY (ID_CLIENTE) REFERENCES CLIENTE (ID_CLIENTE)
GO

ALTER TABLE CONTRATO ADD CONSTRAINT CONTRATO_CLIENTE FOREIGN KEY (ID_CLIENTE) REFERENCES CLIENTE (ID_CLIENTE)
GO

CREATE TABLE USUARIO(
USUARIO VARCHAR(20) PRIMARY KEY,
CONTRASE헤 VARCHAR(25),
ID_PERSONAL INT,
CONSTRAINT FK_EMPLEADO FOREIGN KEY (ID_PERSONAL) REFERENCES PERSONAL(ID_PERSONAL)
)


-------Insersion de registros--------



-------Procedimientos Almacenados-------
-----Registro de cliente
alter PROCEDURE SP_InsertarCliente
@ID_CLIENTE AS INT,
@NOMBRE_COMPLETO AS VARCHAR(50),
@DIRECCION AS VARCHAR(50),
@FECHA_NACIMIENTO AS VARCHAR(50),
@TELEFONO AS INT,
@EMAIL AS VARCHAR(50),
@ESTADO AS VARCHAR(50)
AS
SET NOCOUNT ON
SET TRANSACTION ISOLATION LEVEL READ COMMITTED
BEGIN TRAN
INSERT INTO CLIENTE VALUES (@ID_CLIENTE, 
							@NOMBRE_COMPLETO, 
							@DIRECCION, 
							@FECHA_NACIMIENTO,
							@TELEFONO, 
							@EMAIL, 
							@ESTADO)
COMMIT
SELECT * FROM CLIENTE;
EXEC SP_InsertarCliente 6,'p','p','p',1321,'p','activo'
delete from cliente where ID_CLIENTE=6
/*			@ID_CLIENTE,*/			1,
/*			@NOMBRE_COMPLETO,*/		'Jamier Sebastian Batz',
/*			@DIRECCION,*/			'20 calle 33-22 zona 5',			
/*			@FECHA_NACIMIENTO,*/	'22/04/1992',
/*			@TELEFONO,*/			35214808,  
/*			@EMAIL,*/				'jamier.sebas@gmail.com',	
/*			@ESTADO*/				'Activo'

SELECT * FROM PERSONAL
SELECT * FROM CLIENTE
SELECT * FROM VEHICULO
SELECT * FROM CONTRATO
SELECT * FROM CATALOGO_DIRECCION
SELECT * FROM USUARIO
SELECT * FROM REGISTRAR_PAGO
SELECT * FROM CLASE
----Creacion de contrato
CREATE PROCEDURE SP_CrearContrato
@ID_CONTRATO AS INT,
@SESION AS INT,
@ID_PERSONAL AS INT,
@ID_PLACA AS INT,
@FECHA_INICIO AS VARCHAR(50),
@FECHA_FIN AS VARCHAR(50),
@COSTO AS INT,
@ESTADO AS VARCHAR(50),
@ID_CLIENTE AS INT
AS
SET NOCOUNT ON
SET TRANSACTION ISOLATION LEVEL READ COMMITTED
BEGIN TRAN
INSERT INTO CONTRATO VALUES (@ID_CONTRATO, 
							@SESION, 
							@ID_PERSONAL, 
							@ID_PLACA,
							@FECHA_INICIO, 
							@FECHA_FIN, 
							@COSTO,
							@ESTADO,
							@ID_CLIENTE)
COMMIT

EXEC SP_CrearContrato
/*			@ID_CONTRATO,*/		1,
/*			@SESION,*/			1,
/*			@ID_PERSONAL,*/		1,			
/*			@ID_PLACA,*/		1,
/*			@FECHA_INICIO,*/	'01/06/2021',  
/*			@FECHA_FIN,*/		'31/12/2021',	
/*			@COSTO*/			800,
/*			@ESTADO*/			'Activo',
/*			@ID_CLIENTE*/		1

SELECT * FROM CONTRATO

----Creacion de Clase de Manejo
CREATE PROCEDURE SP_ClaseManejo
@ID_CLASE AS INT,
@ID_CLIENTE AS INT,
@ID_CONTRATO AS INT,
@HORA_INICIO AS VARCHAR(50),
@HORA_FIN AS VARCHAR(50),
@FECHA AS VARCHAR(50)

AS
SET NOCOUNT ON
SET TRANSACTION ISOLATION LEVEL READ COMMITTED
BEGIN TRAN
INSERT INTO CLASE VALUES (	@ID_CLASE, 
							@ID_CLIENTE, 
							@ID_CONTRATO,
							@HORA_INICIO, 
							@HORA_FIN, 
							@FECHA)
COMMIT

EXEC SP_ClaseManejo 
/*			@ID_CLASE,*/		1,
/*			@ID_CLIENTE,*/		1,
/*			@ID_CONTRATO,*/		1,
/*			@HORA_INICIO,*/		'09:00',
/*			@HORA_FIN*/			'10:00',
/*			@FECHA*/			'01/06/2021',


SELECT * FROM CLASE

----Registro de Pago
CREATE PROCEDURE SP_RegistroPago
@ID_PAGO AS INT,
@FECHA_PAGO AS VARCHAR(50),
@TIPO_PAGO AS VARCHAR(50),
@MONTO AS INT,
@ID_CLIENTE AS INT,
@ID_CONTRATO AS INT

AS
SET NOCOUNT ON
SET TRANSACTION ISOLATION LEVEL READ COMMITTED
BEGIN TRAN
INSERT INTO REGISTRAR_PAGO VALUES (	@ID_PAGO, 
									@FECHA_PAGO, 
									@TIPO_PAGO,
									@MONTO, 
									@ID_CLIENTE, 
									@ID_CONTRATO)
COMMIT

EXEC SP_RegistroPago 
/*			@ID_PAGO,*/			1,
/*			@FECHA_PAGO,*/		'01/06/2021',
/*			@TIPO_PAGO,*/		'TC',
/*			@MONTO,*/			800,
/*			@ID_CLIENTE*/		1,
/*			@ID_CONTRATO*/		1,

SELECT * FROM REGISTRAR_PAGO

-------Reporteria---------------
------Reporte Detalle de contratos
alter PROCEDURE SP_ReporteContrato
AS
SET NOCOUNT ON
SET TRANSACTION ISOLATION LEVEL READ COMMITTED
BEGIN TRAN
SELECT	CONTRATO.ID_CONTRATO,
		CONTRATO.ESTADO ,
		CLIENTE.NOMBRE_COMPLETO AS CLIENTE,
		VEHICULO.MARCA AS VEHICULO,
		--PERSONAL.NOMBRE_PERSONAL AS PERSONAL,
		CONTRATO.FECHA_INICIO AS FECHA
FROM CONTRATO
INNER JOIN CLIENTE ON  CONTRATO.ID_CLIENTE = CLIENTE.ID_CLIENTE
INNER JOIN VEHICULO ON CONTRATO.ID_PLACA = VEHICULO.ID_PLACA
INNER JOIN PERSONAL ON  CONTRATO.ID_PERSONAL = PERSONAL.ID_PERSONAL
COMMIT


EXEC SP_ReporteContrato

-------Reporte Detalle de pagos
CREATE PROCEDURE SP_ReportePagos
AS
SET NOCOUNT ON
SET TRANSACTION ISOLATION LEVEL READ COMMITTED
BEGIN TRAN
SELECT	REGISTRAR_PAGO.ID_PAGO,
		CLIENTE.NOMBRE_COMPLETO AS CLIENTE,
		REGISTRAR_PAGO.ID_CONTRATO AS CONTRATO,
		CONTRATO.ESTADO AS ESTADO_CONTRATO,
		REGISTRAR_PAGO.TIPO_PAGO,
		REGISTRAR_PAGO.MONTO
FROM REGISTRAR_PAGO
INNER JOIN CLIENTE ON CLIENTE.ID_CLIENTE = REGISTRAR_PAGO.ID_CLIENTE
INNER JOIN CONTRATO ON CONTRATO.ID_CONTRATO = REGISTRAR_PAGO.ID_CONTRATO
COMMIT

EXEC SP_ReportePagos
----------------------------------------------



----------datos-------------------------------------------------------------------------
INSERT INTO CATALOGO_DIRECCION  VALUES (1,'23-3', '23', 'GUATEMALA', 'ARRIVILLAGA', 01005, 'GUATEMALA', 'GUATEMALA', 'ACTIVO')
INSERT INTO CATALOGO_DIRECCION  VALUES (2,'15-6', '15', 'GUATEMALA', 'LA CHULA', 01006, 'GUATEMALA', 'MIXCO', 'INACTIVO')
INSERT INTO CATALOGO_DIRECCION  VALUES (3,'5-7', '5', 'GUATEMALA', 'TOLEDO', 50203, 'GUATEMALA', 'GUATEMALA', 'ACTIVO')
INSERT INTO CATALOGO_DIRECCION  VALUES (4,'23-8', '23', 'GUATEMALA', 'MARISCAL', 50203, 'GUATEMALA', 'GUATEMALA', 'ACTIVO')
INSERT INTO CATALOGO_DIRECCION  VALUES (5,'11-9', '11', 'GUATEMALA', 'MESQUITAL', 50204, 'GUATEMALA', 'GUATEMALA', 'ACTIVO')
INSERT INTO CATALOGO_DIRECCION  VALUES (6,'3-6', '3', 'GUATEMALA','REFORMITA', 50204, 'GUATEMALA', 'GUATEMALA', 'ACTIVO')
INSERT INTO CATALOGO_DIRECCION  VALUES (7,'5-3', '5', 'GUATEMALA', 'PRADOS', 50207, 'GUATEMALA', 'GUATEMALA', 'ACTIVO')
INSERT INTO CATALOGO_DIRECCION  VALUES (8,'7-20','7', 'GUATEMALA', 'BETHANIA', 50208, 'GUATEMALA', 'GUATEMALA', 'INACTIVO')
INSERT INTO CATALOGO_DIRECCION  VALUES (9,'9-30','9', 'GUATEMALA' , 'BETHANIA', 50208, 'GUATEMALA', 'GUATEMALA', 'ACTIVO')
INSERT INTO CATALOGO_DIRECCION  VALUES (10,'10-80','10', 'GUATEMALA', 'PRIMERO DE JULIO', 50209, 'GUATEMALA', 'MIXCO', 'ACTIVO')
INSERT INTO CATALOGO_DIRECCION  VALUES (11,'12-65','12', 'GUATEMALA', 'MAYA', 50221, 'GUATEMALA', 'GUATEMALA', 'ACTIVO')
INSERT INTO CATALOGO_DIRECCION  VALUES (12,'11-43','11', 'GUATEMALA', 'LAS ILUSIONES', 50221, 'GUATEMALA', 'GUATEMALA', 'ACTIVO')
INSERT INTO CATALOGO_DIRECCION  VALUES (13,'7-40','7', 'GUATEMALA', 'CHINAUTLA', 50223, 'GUATEMALA', 'CHINAUTLA', 'ACTIVO')
INSERT INTO CATALOGO_DIRECCION  VALUES (14,'2-64','2', 'GUATEMALA', 'CARABANCHEL', 50203, 'GUATEMALA', 'GUATEMALA', 'ACTIVO')
INSERT INTO CATALOGO_DIRECCION  VALUES (15,'6-23','6', 'GUATEMALA', 'LOS OLIVOS', 50208, 'GUATEMALA', 'GUATEMALA', 'ACTIVO')
SELECT*FROM CATALOGO_DIRECCION 

INSERT INTO PERSONAL VALUES 
(101, '20 CALLE 33-22 ZONA 5', 'GABRIEL', 'RUANO', '1666-05-24', '2020-04-16', 35214874, 'GRUANO@GMAIL.COM', '2021-12-31', 'ACTIVO', 'INSTRUCTOR', 1),
(102, '14 AVENIDA 22-01 ZONA 6 DE MIXCO', 'ALEX', 'ESTRADA', '1995-06-5', '2021-04-10', 12369874, 'AESTRADA@GMAIL.COM', '2020-12-20', 'INACTIVO', 'INSTRUCTOR', 2),
(103,'30 CALLE 30-20 ZONA 5, GUATEMALA', 'FRANCISCO', 'PEREZ', '1996-05-02', '2017-04-06', 32248440, 'FRANCISCOPEREZ@GMAIL.COM', '2021-04-30', 'ACTIVO', 'GERENTE',3), 
(104,'15 AVENIDA 5-12, ZONA 6, GUATEMALA', 'JORGE', 'GUTIERREZ', '1974-04-23', '2015-02-01', 48982030, 'JORGEGUTIERREZ@GMAIL.COM', '2021-04-30', 'ACTIVO', 'ASESOR',4),
(105,'40 CALLE 1-10 ZONA 2, GUATEMALA', 'PABLO', 'OROZCO', '1980-04-01', '2020-01-01', 50443698, 'PABLOROZCO@GMAIL.COM', '2021-12-15', 'INACTIVO', 'OPERATIVO',5),
(106,'11 CALLE 20-40 ZONA 1, GUATEMALA', 'AXEL', 'GARCIA', '1960-04-23', '2015-02-01', 48982030, 'AXELGARCIA@GMAIL.COM', '2021-07-22', 'ACTIVO', 'ASESOR',6),
(107,'12 AVENIDA 6-16 ZONA 6, GUATEMALA', 'GREGOCIO', 'MEZA', '1990-06-15', '2015-05-08', 36892546, 'GREGORIOMEZA@GMAIL.COM', '2021-07-22', 'ACTIVO', 'ASESOR',7),
(108,'5 AVENIDA 2-34 ZONA 1, GUATEMALA', 'MATIAS', 'MARTINEZ', '1991-07-11', '2015-05-08', 36892547, 'MATIASMARTINEZ@GMAIL.COM', '2021-12-31', 'ACTIVO', 'ASESOR',8),
(109,'16 AVENIDA 7-26 ZONA 2, GUATEMALA', 'MELVIN', 'PORRAS', '1995-08-12', '2015-05-08', 36892548, 'MELVINPORRAS@GMAIL.COM', '2021-12-31', 'INACTIVO', 'INSTRUCTOR',9),
(110,'7 AVENIDA 5-52 ZONA 3, GUATEMALA', 'ANTONIO', 'MENDEZ', '1988-09-12', '2020-04-16', 36892549, 'ANTONIOMENDEZ@GMAIL.COM', '2021-07-22', 'ACTIVO', 'ASESOR',10),
(111,'8 CALLE 8-43 ZONA 7, GUATEMALA', 'CELESTE', 'PALACIOS', '1990-10-13', '2020-04-16', 36892510, 'CELESTEPALACIOS@GMAIL.COM', '2021-12-31', 'ACTIVO', 'INSTRUCTOR',11),
(112,'10 AVENIDA 2-65 ZONA 11, GUATEMALA', ' PAOLA', 'GUERRA', '1990-11-17', '2021-04-10', 36892511, 'PAOLAGUERRA@GMAIL.COM', '2021-12-31', 'INACTIVO', 'INSTRUCTOR',12),
(113,'20 AVENIDA 1-69 ZONA 14, GUATEMALA', 'CARLOS', 'GALVEZ', '1989-05-20', '2015-05-08', 36892512, 'CARLOSGALVEZ@GMAIL.COM', '2021-07-22', 'ACTIVO', 'ASESOR',13),
(114,'3 AVENIDA 10-23 ZONA 10, GUATEMALA', 'JORGE', 'SANTOS', '1996-03-25', '2021-04-10', 36892513, 'JORGESANTOS@GMAIL.COM', '2021-07-22', 'ACTIVO', 'INSTRUCTOR',14),
(115,'1 CALLE 3-15 ZONA 1, GUATEMALA', 'WILSON', 'RAMOS', '1987-02-25', '2015-05-08', 36892514, 'WILSONRAMOS@GMAIL.COM', '2021-12-15', 'INACTIVO', 'INSTRUCTOR',15);
SELECT*FROM PERSONAL


---------------INSERSION DE DATOS DE USUARIO
insert into USUARIO(USUARIO,CONTRASE헤,ID_PERSONAL)
values('GABO','SIUU',101)
SELECT * FROM USUARIO



----------------------------
INSERT INTO VEHICULO VALUES
	(210, 'TOYOYA', 'COROLLA', 2007, '2011-10-05'),
	(220, 'KIA', 'PICANTO', 2011, '2011-10-05'),
	(225, 'HONDA', 'CRV', 2010, '2011-10-05'), 
	(230, 'NISSAN', 'FRONTIER', 2015, '2019-02-10'),
	(235, 'TOYOTA', 'RAV4', 2010, '2011-10-05'),
	(240, 'MAZDA', 'PROTEGE', 2012, '2018-02-10'),
	(245, 'TOYOTA', 'COROLLA', 2015, '2013-05-12'),
	(250, 'KIA', 'PICANTO', 2015, '2013-05-12'),
	(255, 'MAZDA', 'CX-3', 2015, '2013-05-12'),
	(260, 'TOYOTA', 'COROLLA', 2015, '2013-05-12'),
	(265, 'MAZDA', 'CX-3', 2015, '2019-02-10'),
	(270, 'MAZDA', 'CX-3', 2015, '2019-02-10'),
	(275, 'MAZDA', 'CX-3', 2015, '2013-05-12'),
	(280, 'TOYOTA', 'COROLLA', 2015, '2013-05-12'),
	(287, 'KIA', 'PICANTO', 2015, '2019-02-10');
SELECT*FROM VEHICULO

INSERT INTO CLIENTE VALUES 
 (1, 'JAMIER BATZ', '8 CALLE 55-63 ZONA 1 GUATEMALA', '1992-05-05', 65987425,'JBATZ@GMAIL.COM', 'ACTIVO'),
 (2, 'MIGUEL GARCIA', '15 AVENIDA 56-99 ZONA 9 GUATEMALA', '1990-08-25', 89745369,'MGARCIA@GMAIL.COM', 'INACTIVO'),
 (3, 'MANUEL PINEDA', '45 CALLE 25-00 ZONA 10 GUATEMALA', '1995-05-20', 78965841,'MPINEDA@GMAIL.COM', 'INACTIVO'),
 (4, 'GRACIELA PALACIOS', '45 CALLE 25-00 ZONA 1 GUATEMALA', '1992-10-27', 78965842,'GRAPALACIOS@GMAIL.COM', 'ACTIVO'),
 (5, 'EMANUEL PEREZ', '13 CALLE 2-32 ZONA 1 GUATEMALA', '1995-10-15', 78965843,'EMANUELPEREZ@GMAIL.COM', 'INACTIVO'),
 (6, 'FLORI ARIAS', '5 CALLE 16-02 ZONA 2 GUATEMALA', '1987-11-17', 78965844,'FLORYARIAS@GMAIL.COM', 'ACTIVO'),
 (7, 'NANCY ZEPEDA', '2 CALLE 25-65 ZONA 10 GUATEMALA', '1996-11-10', 78965845,'NZEPEDA@GMAIL.COM', 'ACTIVO'),
 (8, 'YOSELIN CARDONA', '3 CALLE 25-45 ZONA 14 GUATEMALA', '1996-10-28', 78965846,'YCARDONA@GMAIL.COM', 'INACTIVO'),
 (9, 'NELSON HERNANDEZ LOPEZ', '6 CALLE 25-37 ZONA 13 GUATEMALA ', '1992-10-20', 78965847,'NELSONHER@GMAIL.COM', 'INACTIVO'),
(10, 'VICENTE JOSE RAMIREZ PEREZ', '10 CALLE 12-12 ZONA 1 GUATEMALA' , '1999-10-15', 56891478,'VJRAMIREZ@GMAIL.COM', 'ACTIVO'),
(11,'CARLOS MANUEL PEREZ LOPEZ', '20 AVENIDA 60-84 ZONA 4, GUATEMALA', '1980-05-05', 89745369,'CARLOSLOPEZ@GMAIL.COM', 'ACTIVO'),
(12, 'DANNY ALFREDO LOPEZ LOPEZ', '28 CALLE 05-09 ZONA 3, GUATEMALA', '2000-01-01', 45657135,'DALL@GMAIL.COM', 'ACTIVO'),
(13, 'MARCO TULIO ROJAS MARTINEZ', '15 CALLE 32-07 ZONA 1, GUATEMALA', '1998-05-03', 53147896,'MTRM@GMAIL.COM', 'ACTIVO'),
(14, 'JUAN ALBERTO MONTERROSO', '23 CALLE 69-45 ZONA 6, GUATEMALA', '1970-02-04', 52793156,'JAM@GMAIL.COM', 'ACTIVO'),
(15, 'JUAN PEREZ', '13 CALLE 15-42 ZONA 5, GUATEMALA', '1980-02-04', 52723156,'JUANPER@GMAIL.COM', 'INACTIVO');
SELECT*FROM CLIENTE

INSERT INTO CONTRATO VALUES 
(1, 1, 101, 210, '2021-02-02', '31/12/2021', 800, 'ACTIVO', 1),
(2, 1, 102, 220, '2021-02-02', '2021-07-03', 800, 'INACTIVO', 2),
(3, 2, 103, 225, '2021-02-02', '2021-07-03', 950, 'ACTIVO', 3),
(4, 3, 104, 230, '2021-02-02', '2021-07-03', 1100, 'ACTIVO',4),
(5, 4, 105, 235, '2021-02-02', '2021-07-03', 950, 'INACTIVO', 5),
(6, 5, 106, 240, '2021-02-02', '2021-07-03', 950, 'ACTIVO', 6),
(7, 1, 107, 245, '2021-02-02', '2021-07-03', 800, 'ACTIVO', 7),
(8, 2, 108, 250, '2021-07-15', '2021-07-03', 950, 'INACTIVO', 8),
(9, 3, 109, 255, '2021-07-15', '2021-11-16', 1100, 'ACTIVO', 9),
(10, 4, 110, 260, '2021-07-15', '2021-11-16', 1200, 'INACTIVO',10),
(11, 1, 111, 265, '2021-07-15', '2021-11-16', 800, 'ACTIVO', 11),
(12, 1, 112, 270, '2021-07-15', '2021-11-16', 800, 'ACTIVO', 12),
(13, 2, 113, 275, '2021-07-15', '2021-11-16', 950, 'ACTIVO', 13),
(14, 3, 114, 280, '2021-07-15', '2021-11-16', 1100, 'ACTIVO', 14),
(15, 5, 115, 287, '2021-07-15', '2021-11-16', 1250, 'INACTIVO', 15);
SELECT*FROM CONTRATO

INSERT INTO CLASE VALUES 
(201, 1, 1, '9:00', '11:00', '2021-02-05'),
(202, 2, 2,'9:00', '11:00', '2021-02-05'),
(203, 3, 3,'9:00', '11:00', '2021-02-05'),
(204, 4, 4,'9:00', '11:00', '2021-02-05'),
(205, 5, 5,'9:00', '11:00', '2021-02-05'),
(206, 6, 6, '9:00', '11:00', '2021-02-05'),
(207, 7, 7, '9:00', '11:00', '2021-02-05'),
(208, 8, 8, '14:00', '17:00', '2021-07-16'),
(209, 9, 9, '14:00', '17:00', '2021-07-16'),
(210, 10, 10,'14:00', '17:00', '2021-07-16'),
(211, 11, 11, '14:00', '17:00', '2021-07-16'),
(212, 12, 12, '14:00', '17:00', '2021-07-16'),
(213, 13, 13,'14:00', '17:00', '2021-07-16'),
(214, 14, 14,'14:00', '17:00', '2021-07-16'),
(215, 15, 15,'14:00', '17:00', '2021-07-16');
SELECT*FROM CLASE

INSERT INTO REGISTRAR_PAGO VALUES
(1, '2021-02-02', 'TARJETA DE CREDITO', 800, 1, 1),
(2, '2021-02-02', 'EFECTIVO', 800, 2, 2),
(3, '2021-02-02', 'TARJETA DE CREDITO', 950, 3, 3),
(4, '2021-02-02', 'TARJETA DE DEBITO', 1100, 4, 4),
(5, '2021-02-02', 'EFECTIVO', 950, 5, 5),
(6, '2021-02-02', 'EFECTIVO', 950, 6, 6),
(7, '2021-02-02', 'TARJETA DE CREDITO', 800, 7, 7),
(8, '2021-07-15', 'EFECTIVO', 950, 8, 8),
(9, '2021-07-15', 'TARJETA DE CR텏ITO', 1100, 9, 9 ),
(10, '2021-07-15', 'TARJETA DE D텍ITO', 1200, 10, 10 ),
(11, '2021-07-15', 'EFECTIVO', 800, 11, 11),
(12, '2021-07-15', 'EFECTIVO', 800, 12, 12 ),
(13, '2021-07-15', 'TARJETA DE D텍ITO', 950 ,13 ,13),
(14, '2021-07-15', 'EFECTIVO', 1100, 14, 14),
(15, '2021-07-15', 'EFECTIVO', 1250, 15, 15);
SELECT*FROM REGISTRAR_PAGO

